https://www.amazon.it/Canon-2000D-18-55-Fotocamera-Nero/dp/B07FDG71K9/ref=sr_1_1?__mk_it_IT=%C3%85M%C3%85%C5%BD%C3%95%C3%91&dchild=1&keywords=canon+eos&qid=1594829389&quartzVehicle=121-1516&replacementKeywords=canon&sr=8-1;1
https://www.mediaworld.it/product/p-106905/lg-cm2460dab-black?ds_rl=1250284&ds_rl=1250284&gclid=EAIaIQobChMIo7Pq-6DR6gIVSBV7Ch391gXYEAQYASABEgIItvD_BwE&gclsrc=aw.ds;0
https://www.eminflex.it/negozio/sm-naturity/#tabs_desc_3608_2;0
https://www.mediaworld.it/product/p-714826/sony-dsc-hx80;1
https://www.ikea.com/it/it/p/kleppstad-guardaroba-con-3-ante-bianco-00441758/;0
https://www.expertonline.it/it-IT-it/EOS-M100-15-45MM_203486.aspx#myTab;1
https://www.mondoconv.it/gemini-5deb.html;0
https://www.leroymerlin.it/catalogo/box-doccia-rettangolare-scorrevole-sirio-70-x-90-cm-h-190-cm-in-vetro-spessore-4-mm-serigrafato-cromato-82519807-p;0
https://www.decathlon.it/boxer-traspiranti-running-uomo-id_8489191.html;0
https://www.airbnb.it/rooms/2718835?location=Procida%2C%20Campania%2C%20Italy&source_impression_id=p3_1594886201_Cifp0T1l%2FQ2fAnUm&guests=1&adults=1&check_in=2020-08-19&check_out=2020-08-26;0
https://www.unieuro.it/online/Fotocamere-subacquee/W100-pidNIKW100PINK;1
https://www.svapoweb.it/sigarette-elettroniche-kit/sigarette-elettroniche-tiro-di-guancia/kit-artery-pal-1200mah-colore-blood-diamond;0
https://www.mediaworld.it/product/p-989040/nikon-d3500-18-140vr;1
https://www.euroffice.it/product/penna-a-sfera-cristal-bic-value-pack-medium-nero-1-mm-conf-9010-gratis/ib8212;0
https://it.pandora.net/it/gioielli/charm/charm/disney%2C-charm-stitch-di-lilo-e-stitch/798844C01.html?cid=sem:ge:e:lt-lt::Google_DPA:ecommerce:evergreen:ot:::Initiative&ps_kw=&cid=&gclid=EAIaIQobChMIlse52KXR6gIVjevtCh0VwQj-EAQYAiABEgJmLPD_BwE&gclsrc=aw.ds;0
https://www.euronics.it/action-cam/gopro/hero8/eProd192012442/;1
https://www.rebuy.it/i,10391447/fotocamere-digitali/panasonic-lumix-dmc-fz200-nero;1
https:/https://www.hihonor.com/italy/product/honor-magic-watch2#18239269714995;0
https://www.ebay.it/itm/macchina-fotografica-samsung/283904478812?hash=item421a;1
https://www.diadorafitness.it/tapis-roulant-exess-diadora-edge1-8.html?gclid=EAIaIQobChMIwsPt3afR6gIVCLLtCh3mbQRnEAQYASABEgLEUfD_BwE;0
https://store.playstation.com/it-it/product/EP0082-CUSA05716_00-RISEOFTOMBRAIDER?smcid=pdc%3Ait-it%3Aexplore-ps4-games%3Aprimary%2520nav%3Amsg-shop%3Aacquista-playstation-plus;0
https://www.fotoema.it/videocamere-ed-action-camera/fotocamere-360/insta-360-pro-2.html;1
https://www.lampade.it/pannello-led-livel-di-forma-lineare-luce-neutra.html;0
https://www.trony.it/online/fotografia-videocamere/fotocamere-digitali/bridge/sony-dsc-h300_sku-2130011616;1
https://www.giuliuspetshop.it/hill-s-pet-nutrition/science-plan-adult-con-pollo?cstrackid=f05bcbf2-2d48-433a-babe-50b618bb8ebc&utm_source=scienceplan&utm_medium=channelsight&utm_campaign=button&utm_content=f05bcbf2-2d48-433a-babe-50b618bb8ebc#052742803708;0
https://cameraexpert.it/canon-eos-1d-x-mark-iii-body.html;1
https://www.pullandbear.com/it/uomo/promozioni/pantaloni/jeans-carrot-fit-con-strappi-sulla-gamba-c1030187558p502117503.html?cS=406;0
https://www.sabatinifotografia.it/fotocamere/medio-formato/5616/hasselblad-x1d-ii-50c;1
https://www.mediaworld.it/product/p-744950/sony-gtkxb60b?ds_rl=1250284&ds_rl=1250284&gclid=EAIaIQobChMIptaw2K7R6gIVFs93Ch1L3gZ7EAQYAiABEgLs_vD_BwE&gclsrc=aw.ds;0
https://www.google.com/shopping/product/12325476761532990944?lsf=seller:108014492,store:6794940367788861199&prds=oid:15782541229013278824&q=dvd+unieuro&hl=it&ei=XhEQX-jUBYrTkgXY1rW4AQ&lsft=gclid:EAIaIQobChMI9pGO6K7R6gIViON3Ch0kmQNrEAQYASABEgIH3_D_BwE,gclsrc:aw.ds;0
https://www.ilfotoamatore.it/p/kodak-mini-shot-3-yellow-fotocamera-stampante.asp;1
https://it.shein.com/Glitter-High-Waisted-Bikini-Swimsuit-p-1177513-cat-1866.html?url_from=itadplaswswim03200504899M&gclid=EAIaIQobChMIt9-prqnR6gIVlqSyCh29xgtWEAQYASABEgLj4vD_BwE;0
https://www.tannico.it/champagne-brut-2008-dom-perignon.html?utm_source=ShoppingCantineEXA_Mobile&utm_medium=cpc&utm_campaign=IT_shopping_cantine_exa&nol=true&ep=true&gclid=EAIaIQobChMIyLex3anR6gIVTbDtCh1euQTSEAQYASA;0
https://www.eprice.it/TV-LED-LG-Tv-32LM6300-3FHD-HDRpro-2USB-QC-32LM6300PLA/d-13102189;0
https://it.banggood.com/IMars-7-Inch-2-Din-for-Android-8_0-Car-Stereo-Radio-MP5-Player-2_5D-Screen-GPS-WIFI-bluetooth-FM-with-Rear-Camera-p-1411488.html?gmcCountry=IT&currency=EUR&createTmp=1&utm_source=googleshopping&utm_medium=cpc_bgs&utm_content=xibei&utm_campaign=xibei-PLA-itg-07dp-stage1-0623&ad_id=443999909733&gclid=EAIaIQobChMIzpavj6rR6gIVw7TtCh078gWCEAQYASABEgKjS_D_BwE&cur_warehouse=HK;0
https://www.alibaba.com/product-detail/New-Canon-EOS-1300D-Rebel-T6_50043797073.html?spm=a2700.themePage.youMayLike.26.562b5d284z8dPc:1
https://www.comet.it/fotocamera-compatte/sony-cyber-shot-dsc-rx100-nero;1
https://mistoreitalia.com/index.php/smart-home/mi-monitor-temperature-humidity.html;0
https://www.kyndes.com/fotocamera-nikon-COOLPIXA10SILVER/product/6645956;1
https://www.internationalflora.com/consegna-fiori-a-domicilio/cuore-di-rose-rosse-rosa/;0
https://www.yeppon.it/p-fujifilm-instax-square-sq-634840/;1
https://www.unieuro.it/online/Accessori-Playstation-4/TDGT0045-Blu-PRO-PAD-Gamepad-con-cavo-per-Playstation-4--pidXJOTDGT0045?utm_medium=textlink_na&utm_source=trovaprezzi.it&utm_content=dinamica_prospect_na_vvkb35e39811cb8434fc874&utm_campaign=unieuro_cross_multi_alwayson&dedup=trovaprezzi&dclid=CJqrwd2QxegCFacD0wodCtYEiQ;0
https://www.sony.it/electronics/fotocamere-obiettivo-intercambiabile/ilce-7rm4;1
https://www.lenovo.com/it/it/tablets/android-tablets/lenovo-tab-series/Lenovo-TB-8505/p/ZA5G0038SE?cid=it:sem%7cse%7cgoogle%7c%7c%7c%7c%7c2083361439%7c82360727491%7cpla-793284095497%7c%7c&gclid=EAIaIQobChMI1rKwrqzR6gIVhamyCh1DgQmJEAQYAiABEgIoDfD_BwE&gclsrc=aw.ds;0
https://www.nintendo.it/Giochi/Giochi-scaricabili-per-Nintendo-Switch/Phantom-Doctrine-1572854.html;0
https://fujifilm-x.com/it-it/products/cameras/gfx-50r/;1
https://www.guess.eu/it/catalog/view/kids/bambina/junior-6-16-anni/accessori/hbdev2pu203?color=black&country=at&CMP=KNC-GES-Feed_IT-Google_IT&CMP=KNC-GES-Shopping_guess_IT-Google_IT&gclsrc=aw.ds&&gclid=EAIaIQobChMI1p_y3qzR6gIVBdKyCh2JqwN2EAQYAiABEgLwMfD_BwE&gclsrc=aw.ds;0
https://store.canon.it/fotocamere-mirrorless/?_ga=2.48087202.428276187.1594821957-193998143.1594821957;1
https://us.polaroid.com/products/square-600-polaroid-camera;1
https://www.valle-santa.it/salumi/porchetta-fette.html;0
https://www.gamestop.it/PS4/Games/112964;0
https://www.stokke.com/ITA/it-it/passeggini/5395.html;0
https://www.panasonic.com/it/consumer/fotocamere-e-videocamere/fotocamere-lumix-g/dc-gh5.html;1
https://it.mukako.com/it/mutable-il-tavolo-multigioco-da-1-a-8-anni?gclid=EAIaIQobChMI--7gnK7R6gIVS-J3Ch2kyQbVEAQYAiABEgJqP_D_BwE&gclsrc=aw.ds;0
https://store.leica-camera.com/it/it/leica-cl-edition-paul-smith;1
https://www.douglas.it/productbrand_544728.html?cpkey=81Q8SdFcK7qo2ZrpCFARfLW26lRUxvh504GjkaeWRiicU_mCNVWNkuum4cgoQAUk&trac=it.01psh.goo.3907649567.544728.51908432095.000000&gclid=EAIaIQobChMIhPXZ063R6gIVB9-yCh2x5wfGEAQYASABEgLupfD_BwE;0
https://www.uniroma1.it/it/pagina-strutturale/home;0
https://corsidilaurea.uniroma1.it/;0
https://tiermaker.com/;0
https://www.rowenta.com/;0
https://www.rowenta.it/p/studio-dry-blowdryer-cv5812/1830007697;0
https://www.unieuro.it/online/Fotocamere-bridge/DSC-H300-pidSONDSCH300B?utm_medium=textlink_na&utm_source=trovaprezzi.it&utm_content=dinamica_prospect_na_vvkb35e39811cb8434fc874&utm_campaign=unieuro_cross_multi_alwayson&dedup=trovaprezzi&dclid=CJqrwd2QxegCFacD0wodCtYEiQ;1
http://www.copic.it/;0
http://www.copic.it/pennarelli/copic-marker;0
https://store.canon.it/canon-eos-4000d/3011C007/;1
https://www.ticketone.it/;0
https://www.ticketone.it/biglietti.html?affiliate=ITT&doc=category&fun=kategorieliste&detailadoc=erdetaila&detailbdoc=evdetailb&hkId=55&kategorieKuerzel=Pop&nurbuchbar=true&showFilter=yes&tipps=yes;0
https://www.ticketone.it/achille-lauro-biglietti.html?affiliate=ITT&doc=artistPages%2Ftickets&fun=artist&action=tickets&erid=2601595;0
https://www.amazon.it/Sony-DSC-HX350B-Fotocamera-stabilizzazione-Grandangolo/dp/B01MU31H1P/ref=asc_df_B01MU31H1P/?tag=googshopit-21&linkCode=df0&hvadid=103301125139&hvpos=&hvnetw=g&hvrand=10933211200510374748&hvpone=&hvptwo=&hvqmt=&hvdev=c&hvdvcmdl=&hvlocint=&hvlocphy=1008736&hvtargid=pla-475078831192&psc=1&language=it_IT;1
https://eu.polaroid.com/products/onestep2-polaroid-camera?utm_source=google&utm_medium=surfaces&utm_campaign=shopping%20feed&utm_content=free%20google%20shopping%20clicks&gclid=Cj0KCQjw3s_4BRDPARIsAJsyoLP9CZaxj6pOThM9rdTDYxJGX5xHOayvsoglYVURWHHmfWL9p1Q2DOgaAgYwEALw_wcB;1
https://www.spotify.com/it/;0
https://open.spotify.com/artist/6p2OF8M4ob4KovaU0SUX4b;0
https://open.spotify.com/album/3RPTwOmoZNB0gNyUKscixz;0
https://eu.polaroid.com/collections/polaroid-600-cameras;1
https://www.samsung.com/it/;0
https://www.samsung.com/it/smartphones/all-smartphones/;0
https://www.sony.it/electronics/obiettivi-fotocamera/sel1224gm?cpint=SG_CATEGORY_SEC-TOUT-OTHER-SEL1224GM-EN_GL-2020-04-M01-ULTRAWIDEF28-TOUT01-ULTRAWIDEF28;0

